{
    "Mean Absolute Error (MAE)": 14151.636971878717,
    "Mean Squared Error (MSE)": 400621477.5712965,
    "R-squared (R\u00b2)": 0.9297000969127612
}