{"Logistic Regression": {"0": {"precision": 0.9979969954932398, "recall": 0.9994984954864594, "f1-score": 0.9987471811576046, "support": 1994.0}, "1": {"precision": 0.9982517482517482, "recall": 0.9930434782608696, "f1-score": 0.995640802092415, "support": 575.0}, "accuracy": 0.9980537173997664, "macro avg": {"precision": 0.998124371872494, "recall": 0.9962709868736646, "f1-score": 0.9971939916250099, "support": 2569.0}, "weighted avg": {"precision": 0.9980540148922832, "recall": 0.9980537173997664, "f1-score": 0.998051903632309, "support": 2569.0}}, "k-NN": {"0": {"precision": 0.991991991991992, "recall": 0.9939819458375125, "f1-score": 0.9929859719438878, "support": 1994.0}, "1": {"precision": 0.978984238178634, "recall": 0.9721739130434782, "f1-score": 0.9755671902268761, "support": 575.0}, "accuracy": 0.989100817438692, "macro avg": {"precision": 0.985488115085313, "recall": 0.9830779294404954, "f1-score": 0.984276581085382, "support": 2569.0}, "weighted avg": {"precision": 0.9890805640267601, "recall": 0.989100817438692, "f1-score": 0.9890872566899829, "support": 2569.0}}}